Model Parameters,Parameter Values
a,1408.9003698498595
b,0.008166103703203646
c,2544.7663102522174
R2,0.9937564801206112
