Model Parameters,Specimen 1
a,451.78973343905636
b,0.014668085410440094
c,3197.732759927626
R2,0.9911044262036283
