Model Parameters,Parameter Values
a,2223.678397006317
b,0.01276056989217724
c,3181.104080634339
R2,0.9990597741305434
