Exponential Parameter Name,Parameter Value
a,2085.1237575161067
b,0.013737091221785805
c,1906.7419449986726
R2,0.9891504642049831
