Exponential Parameter Name,Parameter Value
a,3982.4438211585893
b,0.006100211343683033
c,4.0541664267003227e-11
R2,0.9952803162403953
