Exponential Parameter Name,Parameter Value
a,1268.3333538370755
b,0.05589227568355749
c,2652.849682272844
R2,0.7582742786761982
