Linear Parameter Name,Parameter Value
a,-20.233620302733907
c,3965.1080106384993
R2,0.999058451201221
