Linear Parameter Name,Parameter Value
a,-16.355986314206604
c,3906.9435007769343
R2,0.9660551957399832
