Time (mins),Flux (LMH)
0,3948.9699459160615
15,3683.1211255471076
60,2745.711437747285
90,2551.23375202536