Gradient (LMH/min),Flux Decline (%/min)
-20.189326301164492,-0.37748536630296775
-18.606186191567826,-0.3427946803994177
-20.47911321058839,-0.3838024286357619
