Specimen,Initial Flux (Lm⁻²Hr⁻¹/min),Gradient (Lm⁻²Hr⁻¹/min),Flux Decline (%/min)
1,3981.643329,-9.138694635310344,-0.23195824026625259
2,3837.555702,-8.594518019671979,-0.22449542872058714
3,4027.710807,-9.440233255193352,-0.23531411553636472
Mean,3948.9699459999997,-9.057815303391893,-0.23058926150773482
