Gradient (LMH/min),Flux Decline (%/min)
-5.322100900757435,-0.19336414530116
-5.269420722152385,-0.1867696570167016
-5.323099159397414,-0.19738886727545044
