Model Parameters,Specimen 1,Specimen 2,Specimen 3
a,2369.087124039992,2287.193757705531,2102.3001581222497
b,0.011986602488368378,0.011196602462889428,0.01478091349315628
c,3030.6178364421417,3151.646625240149,3273.0785445259085
R2,0.9979923257483897,0.9953581677602438,0.9983064959557466
